{
  "code": 0,
  "msg": "query ok",
  "count": 800,
  "data": [
    {
      "title": "Alipay",
      "head": "https://gw.alipayobjects.com/zos/rmsportal/WdGqmHpayyMjiEhcKoVE.png",
      "name": "付小小",
      "star": 184,
      "like": 125,
      "comment": 18
    },
    {
      "title": "Angular",
      "head": "https://gw.alipayobjects.com/zos/rmsportal/zOsKZmFRdUtvpqCImOVY.png",
      "name": "曲丽丽",
      "star": 175,
      "like": 133,
      "comment": 12
    },
    {
      "title": "Ant Design",
      "head": "https://gw.alipayobjects.com/zos/rmsportal/dURIMkkrRFpPgTuzkwnB.png",
      "name": "林东东",
      "star": 101,
      "like": 111,
      "comment": 11
    },
    {
      "title": "Ant Design Pro",
      "head": "https://gw.alipayobjects.com/zos/rmsportal/sfjbOqnsXXJgNCjCzDBL.png",
      "name": "周星星",
      "star": 154,
      "like": 161,
      "comment": 16
    },
    {
      "title": "Bootstrap",
      "head": "https://gw.alipayobjects.com/zos/rmsportal/siCrBXXhmvTQGWPNLBow.png",
      "name": "吴加好",
      "star": 159,
      "like": 169,
      "comment": 11
    }
  ]
}